1400|Richard|48|XZ08AoZmtN
1401|Benjamin|58|AmrflKZMx2
1402|Ronald|30|
1403|Ronald|56|ukmSmaOmwg
1404|Gerald|49|TCzw8Elu7n
1405|Gerald|37|
1406|Harry|31|
1407|Jimmy|46|YnATio2K8Q
1408|William|58|yX86oTn6oC
1409|Andrew|31|
1410|Chester|55|zP2SCt1hKL
1411|Zachary|34|
1412|George|31|
1413|Calvin|37|
1414|Gerald|25|
1415|Ulysses|42|N6u7ACtIBK
1416|Rutherford|60|3PEdmFgtWZ
1417|John|35|
1418|Rutherford|40|
1419|Thomas|59|8Nz6VY4Lmr
1420|Harry|49|YSNTjkW1qw
1421|Dwight|48|mp6u1RZXEy
1422|Dwight|52|dT6DuvWCFW
1423|Rutherford|57|Z4qMFZJw73
1424|Harry|58|E7Dmfy4KdY
1425|Benjamin|49|3kZVoVvtwQ
1426|Dwight|28|
1427|John|56|apCawK58Wq
1428|Ronald|32|
1429|Richard|54|mJy3olH9aW
1430|Chester|35|
1431|Grover|45|0LbwjjcTSk
1432|Benjamin|45|IGTYjFPYWm
1433|Ulysses|38|
1434|John|57|5oiLm6V63K
1435|Dwight|46|8jGuJ6tuf2
1436|Ronald|52|grKGdxEni8
1437|Zachary|45|kYHGvguX6S
1438|Gerald|45|mI1N6kXVyi
1439|Theodore|51|pIl6rwR4zS
1440|William|52|t4z6EoOTFH
1441|Martin|59|yWPZXgqMMK
1442|Theodore|40|
1443|Dwight|54|Kz2BYoTGH5
1444|Richard|58|dnBXlpLTGZ
1445|Benjamin|25|
1446|Herbert|37|
1447|Benjamin|49|ZnMt7Ryvmd
1448|Gerald|49|QWvSp2wf38
1449|George|46|VgKgY1tOIO
1450|Millard|46|nXxd1TXNtr
1451|Rutherford|29|
1452|Abraham|60|4mtvAJHaPV
1453|Ulysses|48|O2DOdMU97b
1454|Grover|28|
1455|Gerald|56|VcimJkY2Ti
1456|Calvin|50|dHR4GH8F19
1457|John|47|V6ee7kk1cb
1458|William|26|
1459|Benjamin|44|tCEnHeZEpq
1460|Jimmy|53|kb6bYLibLD
1461|Grover|54|xrGX6QOYS7
1462|Thomas|28|
1463|George|58|Hdy21RFeCu
1464|George|41|mECJWfzU5p
1465|Ronald|38|
1466|Rutherford|58|d47MWVdVpQ
1467|Thomas|33|
1468|Jimmy|55|32xPzoyIVN
1469|Chester|56|s5dsdrMQRR
1470|Warren|25|
1471|John|40|
1472|Herbert|33|
1473|Millard|48|hdrrvTqWcl
1474|John|33|
1475|Woodrow|28|
1476|Benjamin|41|j2NoylVwye
1477|Millard|28|
1478|William|29|
1479|Benjamin|32|
1480|Thomas|50|Uu52aLq89M
1481|Herbert|29|
1482|Theodore|36|
1483|Millard|42|mdKyhjHEne
1484|Rutherford|60|hddtLf4xMH
1485|Benjamin|56|7QiAWm8G8h
1486|Andrew|35|
1487|William|50|TVvFl2ViqE
1488|Dwight|58|4dPWUW53y1
1489|Herbert|50|xshiXZJrgJ
1490|Lyndon|35|
1491|Abraham|54|IzzlCrrnoN
1492|Richard|56|BP7jY6BpWo
1493|Warren|26|
1494|Abraham|49|x5s36yTPR5
1495|Warren|58|ylhfJ3UqBf
1496|Chester|52|hUoFKA0j73
1497|James|48|arseBo4cr1
1498|Woodrow|35|
1499|Millard|36|